<?xml version="1.0" encoding="UTF-8"?>
<project-private xmlns="http://www.netbeans.org/ns/project-private/1">
    <editor-bookmarks xmlns="http://www.netbeans.org/ns/editor-bookmarks/2" lastBookmarkId="0"/>
    <open-files xmlns="http://www.netbeans.org/ns/projectui-open-files/2">
        <group>
            <file>file:/home/will/Documents/UC/Embedded%20Systems/Git/Lab%208/LCD.X/lcd.c</file>
            <file>file:/home/will/Documents/UC/Embedded%20Systems/Git/Lab%208/LCD.X/mcc_generated_files/pin_manager.h</file>
            <file>file:/home/will/Documents/UC/Embedded%20Systems/Git/Lab%208/LCD.X/main.c</file>
        </group>
    </open-files>
</project-private>
